{"cameraMode":{"drawMode":0,"name":"Shaded","section":"Shading Mode"},"sceneLighting":true,"audioPlay":false,"sceneViewState":{"showFog":true,"showMaterialUpdate":true,"showSkybox":true,"showFlares":true,"showImageEffects":true,"showParticleSystems":true},"in2DMode":false,"pivot":{"x":-6.582927227020264,"y":-2.504892587661743,"z":-25.041210174560548},"rotation":{"x":-0.16318173706531526,"y":-0.6919074058532715,"z":0.16515490412712098,"w":-0.6836480498313904},"size":37.201175689697269,"orthographic":false}