{"cameraMode":{"drawMode":0,"name":"Shaded","section":"Shading Mode"},"sceneLighting":true,"audioPlay":false,"sceneViewState":{"showFog":true,"showMaterialUpdate":false,"showSkybox":true,"showFlares":true,"showImageEffects":true,"showParticleSystems":true},"in2DMode":false,"pivot":{"x":115.62735748291016,"y":-9.65129566192627,"z":9.077486991882325},"rotation":{"x":-0.06330222636461258,"y":-0.7610151171684265,"z":0.07512541860342026,"w":-0.6412588953971863},"size":32.46976089477539,"orthographic":false}